Date,ID,SYMBOL,MIC,FREE_FLOAT_PERCENTAGE,EST_VOL,MDV_63,Open,High,Low,Close,Volume,PxAdjFactor,SharesAdjFactor
20150521,BBG000FH5YM1,FTR,XNGS,99.1843,0.29301,65153836.0,5.37,5.415,5.31,5.34,10729080.0,2.0445523,1.0
20150521,BBG000BBJB07,AKRX,XNGS,69.379,0.40323,93542180.0,44.08,44.08,42.97,43.5,866268.0,1.0,1.0
20150521,BBG000BLM0V1,AGU,XNYS,99.8233,0.1868099999999999,65094372.0,107.09,110.13,106.58,109.52,1021621.0,1.0926973,1.0
20150521,BBG000MQ1SN9,DVA,XNYS,79.4396,0.10012,81911816.0,83.46,83.6799,83.05,83.49,681668.0,2.0,0.5
20150521,BBG000BT1715,SJM,XNYS,95.928,0.13991,67838370.0,119.69,119.88,119.18,119.28,507480.0,1.3279768,1.0
20150521,BBG000F1ZSN5,ROP,XNYS,98.419,0.0978399999999999,66352504.0,177.01,177.64,176.02,177.2,278895.0,1.0458401,1.0
20150521,BBG000BG09F5,GPOR,XNGS,99.383,0.23473,65865564.0,45.58,46.41,45.24,46.02,1030588.0,1.0,1.0
20150521,BBG000HGYNZ9,STLD,XNGS,95.5637,0.19049,68552660.0,21.37,21.4,20.98,21.18,1704372.0,2.3962052,0.5
20150521,BBG000C22QV7,SEE,XNYS,99.1848,0.15482,66054424.0,49.63,49.7,49.15,49.43,1322081.0,1.1860176,1.0
20150521,BBG000JKFQB8,WWAV,XNYS,98.2313,0.19505,67490136.0,47.62,48.17,47.45,47.5,1321250.0,1.0,1.0
20150521,BBG000BN1XR3,COL,XNYS,99.3685,0.09151,67556510.0,98.62,98.9,98.12,98.37,634387.0,1.1458839,1.0
20150521,BBG000BC2R71,ALLY,XNYS,91.2188,0.1658299999999999,74064670.0,22.65,22.83,22.5,22.68,3060768.0,1.0,1.0
20150521,BBG000BK2F42,FIS,XNYS,98.9596,0.0957,68314580.0,64.6,64.83,64.48,64.54,663862.0,1.9786977,1.0
20150521,BBG000C90DH9,IPG,XNYS,99.4076,0.11585,68076810.0,20.91,21.21,20.78,21.02,2850256.0,1.0972644,1.0
20150521,BBG000C13CD9,CDNS,XNGS,98.9539,0.15048,68594550.0,19.53,19.85,19.45,19.82,5569859.0,1.0,1.0
20150521,BBG000BYWTX7,MRVL,XNGS,80.4769,0.20748,84500300.0,14.12,14.51,14.035,14.37,6834579.0,1.0596751,1.0
20150521,BBG000J4L211,BKD,XNYS,98.1736,0.20518,69336456.0,37.86,38.45,37.71,38.19,1784242.0,1.0373235,1.0
20150521,BBG000BLGFJ9,HRS,XNYS,99.7119,0.15169,68630150.0,79.44,79.67,78.98,79.32,580326.0,1.2672868,1.0
20150521,BBG000R8ZVD1,LULU,XNGS,76.7107,0.32126,89542200.0,61.44,61.57,60.07,60.5,3703267.0,2.0,0.5
20150521,BBG000C23KJ3,AES,XNYS,99.6872,0.15984,68912776.0,13.62,13.79,13.57,13.78,4188237.0,1.0475132,1.0
20150521,BBG000BWP7D9,WEC,XNYS,99.7993,0.0838199999999999,68848640.0,48.7,48.87,48.36,48.7,952431.0,2.5367293,0.5
20150521,BBG000HZFZX3,LVLT,XNYS,81.1407,0.16865,84908300.0,55.6,55.65,55.02,55.28,1402539.0,0.066667,14.999926
20150521,BBG000FDBX90,CNP,XNYS,93.2848,0.1038,73991780.0,20.57,20.64,20.41,20.51,2915421.0,1.4161812,1.0
20150521,BBG000C060M4,AMG,XNYS,99.1969,0.12563,69803000.0,224.77,226.35,224.77,225.46,195189.0,1.0,1.0
20150521,BBG000BCHG15,ASH,XNYS,99.4731,0.11066,69739180.0,128.07,128.86,127.96,128.46,591962.0,1.1141528,1.0
20150521,BBG000FBMY72,SPN,XNYS,98.7557,0.19039,70338024.0,22.69,23.84,22.68,23.63,2427790.0,1.0188233,1.0
20150521,BBG001P3K000,DNKN,XNGS,99.524,0.17214,69814104.0,53.02,53.46,52.955,53.14,895014.0,1.0650833,1.0
20150521,BBG000BB1TH9,FLR,XNYS,99.4084,0.12242,71045470.0,58.93,59.38,58.77,58.89,761517.0,2.1561384,0.5
20150521,BBG000BLDV98,HRB,XNYS,99.6458,0.2152699999999999,70887920.0,31.86,32.2,31.79,32.12,1531529.0,1.2940364,1.0
20150521,BBG000C221G9,PNR,XNYS,99.1808,0.12365,71226070.0,64.35,65.98,64.21,65.94,1594796.0,1.1627356,1.0
20150521,BBG000PTLGZ1,LEA,XNYS,99.7167,0.10764,71147620.0,116.94,117.9,116.77,117.63,1009409.0,2.0941305,0.5
20150521,BBG000PV2L86,WYN,XNYS,98.1373,0.1384999999999999,72385090.0,86.49,86.82,86.03,86.72,724234.0,1.14884,1.0
20150521,BBG000BC9938,VMW,XNYS,64.421,0.16748,110876664.0,87.55,87.73,86.834,87.15,738509.0,1.0,1.0
20150521,BBG000BQ74K1,NTRS,XNGS,92.8316,0.10411,77225910.0,75.9,76.34,75.765,76.03,947482.0,1.173483,1.0
20150521,BBG000CPHYL4,THC,XNYS,98.5392,0.26877,72768170.0,51.77,52.44,51.57,51.97,1379225.0,0.25,4.0
20150521,BBG000V31J96,CPN,XNYS,99.1287,0.15791,72491060.0,20.84,21.12,20.78,21.01,2878846.0,1.0,1.0
20150521,BBG002PHSYX9,FANG,XNGS,98.1492,0.20648,73217410.0,79.0,81.37,78.17,80.62,880066.0,1.0,1.0
20150521,BBG000BMTFR4,KLAC,XNGS,99.6111,0.12637,72303310.0,59.07,59.24,58.75,59.16,690505.0,1.5201476,1.0
20150521,BBG0014FFY08,HZNP,XNGS,86.8478,0.33446,83082280.0,29.91,31.3,29.91,30.55,4798470.0,1.0,1.0
20150521,BBG0058KMH30,HLT,XNYS,47.8811,0.1333599999999999,150897060.0,29.63,29.63,29.25,29.28,20350502.0,1.0,1.0
20150521,BBG000BDDNH5,BLL,XNYS,97.6017,0.12529,74091750.0,73.01,73.1,72.24,72.51,821324.0,2.1338537,0.5
20150521,BBG000C4ZZ10,SIG,XNYS,99.4,0.2233199999999999,72758856.0,135.87,136.77,135.39,136.4,465327.0,0.5196218,2.0
20150521,BBG000BJKPG0,FISV,XNGS,97.9492,0.0872299999999999,74715400.0,80.86,81.2,80.67,80.9,634926.0,2.0,0.5
20150521,BBG000BFJ645,WIN,XNGS,99.0379,0.2903,74110590.0,8.32,8.58,8.285,8.52,4362350.0,1.3112985,5.999988
20150521,BBG000PVRDL2,SLW,XNYS,99.8203,0.21124,73682920.0,19.53,19.65,19.41,19.58,2177378.0,1.0520766,1.0
20150521,BBG000BB03M1,CBI,XNYS,88.5189,0.34545,83231656.0,57.7,58.25,57.163,57.48,1097807.0,1.0133805,1.0
20150521,BBG000HW5GX3,CNQ,XNYS,97.1335,0.19383,75850184.0,31.34,31.99,31.13,31.79,1386682.0,2.1889708,0.5
20150521,BBG000BJ49H3,BWA,XNYS,98.4545,0.12889,74838790.0,60.64,61.69,60.64,61.55,794516.0,2.0699086,0.5
20150521,BBG000FFH4P5,FLS,XNYS,99.4449,0.16992,74427640.0,57.08,58.01,57.08,57.64,864564.0,3.2589626,0.33333334
20150521,BBG000G6BN50,PNRA,XNGS,98.7462,0.1628599999999999,75194690.0,185.95,187.23,185.1,185.71,346555.0,1.0,1.0
20150521,BBG000CB8Q50,UHS,XNYS,98.9663,0.14462,75152940.0,126.6,127.68,126.16,126.69,758379.0,2.088995,0.5
20150521,BBG000CVWGS6,ATVI,XNGS,68.98,0.1565599999999999,108203430.0,25.64,25.72,25.46,25.62,4636777.0,2.157338,0.5
20150521,BBG000BKLH74,GPS,XNYS,55.3649,0.19119,135129800.0,38.46,38.825,38.39,38.56,7508657.0,1.1598853,1.0
20150521,BBG000BFS7D3,CLX,XNYS,99.3177,0.07319,76300430.0,110.07,110.43,109.47,109.78,578693.0,1.2741852,1.0
20150521,BBG000JKCWS0,CLB,XNYS,98.4423,0.25386,77130910.0,124.03,126.61,123.72,124.49,412585.0,2.1676714,0.5
20150521,BBG000N746D6,ETFC,XNGS,99.2059,0.18451,76885010.0,29.62,30.0,29.6,29.84,2218887.0,0.1,10.0
20150521,BBG000BVHBM1,TOL,XNYS,91.6575,0.12065,83421080.0,38.02,38.08,37.63,37.75,2243402.0,1.0,1.0
20150521,BBG000BBL0Y1,ALK,XNYS,99.2113,0.15376,77101420.0,64.09,64.83,63.5,64.69,1277812.0,4.0919156,0.25
20150521,BBG000BVL2G3,TRN,XNYS,98.5118,0.25642,77728150.0,30.99,31.8,30.9001,31.37,1500735.0,2.2246013,0.5
20150521,BBG000BP8Z50,MSI,XNYS,91.1991,0.1406599999999999,83994184.0,59.65,59.94,59.585,59.79,650145.0,0.15822892,7.000007
20150521,BBG000BBNYF6,DRI,XNYS,89.8914,0.15386,85489500.0,64.16,64.67,64.06,64.57,814040.0,1.2940704,1.0
20150521,BBG000BDXGP9,CAG,XNYS,99.5371,0.16765,77249350.0,38.78,38.98,38.71,38.88,3065493.0,1.2790482,1.0
20150521,BBG000BPNP00,MXIM,XNGS,99.0452,0.16219,77785630.0,34.25,34.36,33.91,34.26,1653887.0,1.298486,1.0
20150521,BBG000BWXL85,RHT,XNYS,99.3964,0.2366,77780960.0,78.57,78.93,77.84,78.83,816800.0,1.0,1.0
20150521,BBG000BQSQ38,PAYX,XNGS,89.3965,0.08821,86855770.0,50.35,50.4,50.12,50.26,1010790.0,1.3437946,1.0
20150521,BBG000HS74G6,CNI,XNYS,99.784,0.14267,77917700.0,60.49,61.21,60.36,61.01,1973138.0,2.2677948,0.5
20150521,BBG000D2ZTS8,HBI,XNYS,98.7252,0.17159,79013360.0,32.06,32.48,32.06,32.45,2640622.0,4.123349,0.25
20150521,BBG000QGWY50,BLUE,XNGS,89.4383,0.63302,87751450.0,186.33,186.36,170.955,172.94,1896974.0,1.0,1.0
20150521,BBG000DGPR66,BG,XNYS,97.0776,0.1290299999999999,81187820.0,91.76,92.2625,91.6,91.62,945436.0,1.1140716,1.0
20150521,BBG000BPQVR5,RKT,XNYS,98.3819,0.09771,80257544.0,65.8,66.15,65.6,65.87,1295518.0,2.2068787,0.5
20150521,BBG000BR37X2,PGR,XNYS,97.3878,0.08402,81109350.0,27.23,27.42,27.16,27.35,2413350.0,1.4958769,1.0
20150521,BBG000BQHGR6,OKE,XNYS,99.1634,0.2106199999999999,79726630.0,45.2,45.93,44.95,45.09,1445089.0,3.0182307,0.5
20150521,BBG000BMKDM3,K,XNYS,71.6751,0.10136,111249780.0,64.14,64.34,63.79,63.96,1022426.0,1.246045,1.0
20150521,BBG000BMF5J0,JCP,XNYS,91.4126,0.36354,87542020.0,8.61,8.99,8.58,8.84,15386970.0,1.127878,1.0
20150521,BBG0029BK2G7,DATA,XNYS,98.7619,0.2590699999999999,81358310.0,113.93,113.956,112.0,112.96,861717.0,1.0,1.0
20150521,BBG0014GG205,P,XNYS,93.8442,0.32634,85657720.0,17.92,18.54,17.92,18.48,2851236.0,1.0,1.0
20150521,BBG000C2V3D6,A,XNYS,99.5572,0.10744,80843620.0,42.57,42.73,42.2,42.32,2126157.0,1.4440969,1.0
20150521,BBG000BFV115,SM,XNYS,98.3837,0.30359,82412730.0,55.06,56.76,54.7,55.59,1337766.0,1.0172968,1.0
20150521,BBG000BB29X4,DTE,XNYS,99.4884,0.0692899999999999,81604460.0,79.65,79.89,79.08,79.66,565774.0,1.4004904,1.0
20150521,BBG000C9F2F9,ALKS,XNGS,99.1969,0.25051,82516120.0,62.5,62.99,61.06,61.8,685630.0,1.0,1.0
20150521,BBG000C2YHG9,DISH,XNGS,96.8185,0.13209,84560850.0,68.25,69.89,68.13,68.97,1494269.0,1.2256794,1.0
20150521,BBG000BKNX95,GT,XNGS,98.7821,0.1677499999999999,82910744.0,31.27,31.98,31.24,31.89,3938635.0,1.0139081,1.0
20150521,BBG000FQ6PY6,CTXS,XNGS,98.8882,0.15199,83219544.0,65.87,66.37,65.35,66.19,1624433.0,1.0,1.0
20150521,BBG000BGFZR8,CSC,XNYS,99.8113,0.24734,82523030.0,68.95,69.25,68.54,68.99,1366424.0,1.0989175,1.0
20150521,BBG000FLPRH1,CAR,XNGS,98.2197,0.25492,84310720.0,54.23,54.93,53.9,54.45,1148372.0,1.0,1.0
20150521,BBG000RNTSX0,ULTA,XNGS,93.3742,0.23163,88826290.0,151.2,153.19,151.0525,152.25,451333.0,1.0111895,1.0
20150521,BBG003641015,ADT,XNYS,99.5805,0.1801299999999999,83503770.0,37.49,38.005,37.32,37.68,2090318.0,1.0506545,1.0
20150521,BBG000BSSC44,RY,XNYS,99.8717,0.16579,83551960.0,65.21,66.08,65.16,65.84,1405446.0,1.3521478,1.0
20150521,BBG000BR54L0,PHM,XNYS,90.5215,0.10482,92450510.0,20.12,20.185,19.94,20.0,3988531.0,1.0371382,1.0
20150521,BBG000F86GP6,MCO,XNYS,87.3025,0.11812,96076200.0,109.94,110.24,108.84,109.89,746324.0,1.1188154,1.0
20150521,BBG000BFL116,FSLR,XNGS,73.3113,0.22763,114859450.0,55.2,56.66,55.15,55.89,1481451.0,1.0,1.0
20150521,BBG000BNNKG9,MAS,XNYS,98.9213,0.14695,85581690.0,27.23,27.9,27.06,27.81,3838278.0,1.2185842,1.0
20150521,BBG000BWGYF8,VMC,XNYS,99.6495,0.10053,85684770.0,91.86,92.24,91.34,91.85,545969.0,1.1246021,1.0
20150521,BBG001QZCPJ2,AMBA,XNGS,96.4378,0.34434,88740020.0,86.26,86.34,82.7,83.29,2047070.0,1.0,1.0
20150521,BBG000BCWKD6,VOYA,XNYS,99.8073,0.12864,86001940.0,45.68,45.91,45.49,45.79,2162528.0,1.0019084,1.0
20150521,BBG000BPMH90,MUR,XNYS,94.5006,0.18245,90847610.0,43.51,43.87,43.11,43.47,1995948.0,1.4044002,1.0
20150521,BBG000M1R011,NOW,XNYS,93.5153,0.1988299999999999,91945790.0,77.74,78.96,77.55,78.87,1153981.0,1.0,1.0
20150521,BBG000H0QBS7,LBTYA,XNGS,95.0895,0.16993,90615640.0,55.49,56.43,55.0301,56.37,4233811.0,1.9578091,1.0
20150521,BBG000BN9WT5,LLTC,XNGS,97.9255,0.0934,88032056.0,46.82,47.15,46.6,46.96,1188363.0,1.2489086,1.0
20150521,BBG000FBK808,DNR,XNYS,98.0093,0.35569,88190700.0,7.25,7.64,7.22,7.6,10692967.0,1.0338324,1.0
20150521,BBG000BGYMH7,MLM,XNYS,93.2441,0.09459,92708290.0,153.19,155.51,153.035,154.58,688406.0,1.133964,1.0
20150521,BBG001BPFT54,SCTY,XNGS,62.1337,0.26092,139563760.0,61.17,62.85,61.17,62.11,2680809.0,1.0,1.0
20150521,BBG000BPZBB6,NI,XNYS,99.2061,0.14819,87558890.0,47.08,47.42,46.74,47.09,2310738.0,1.4114574,1.0
20150521,BBG000C1FQS9,ETR,XNYS,99.8156,0.09218,87112710.0,76.08,76.4,75.66,76.12,830648.0,1.3889471,1.0
20150521,BBG000BKXFN7,PTEN,XNGS,97.3242,0.24544,89524984.0,21.1,21.73,20.99,21.5,3243354.0,1.1179926,1.0
20150521,BBG000BWCKB6,VFC,XNYS,79.4893,0.10051,109720980.0,71.01,71.41,70.74,71.28,1392372.0,4.8285475,0.25
20150521,BBG000BCNYT9,AVP,XNYS,99.8305,0.3863499999999999,87656210.0,6.76,6.94,6.72,6.91,8112219.0,1.2345159,1.0
20150521,BBG000FLZN98,MHK,XNYS,84.28,0.13049,105184240.0,187.89,189.63,187.39,188.62,451048.0,1.0,1.0
20150521,BBG000BVWLJ6,TYC,XNYS,99.4694,0.1349,89839660.0,40.72,41.14,40.56,40.89,4986365.0,2.3682156,1.0
20150521,BBG000BS9489,OMC,XNYS,99.0301,0.1125,90505480.0,77.64,77.93,77.38,77.59,864194.0,1.1732128,1.0
20150521,BBG000R33RF4,RCPT,XNGS,80.1153,0.48558,112023350.0,163.25,164.55,159.52,160.11,330105.0,1.0,1.0
20150521,BBG000BKWSR6,HBAN,XNGS,98.6495,0.09706,91564960.0,11.31,11.41,11.29,11.34,6637780.0,1.207423,1.0
20150521,BBG000BF5RY1,CCE,XNYS,91.7249,0.1497099999999999,99313080.0,46.07,46.1,45.27,45.29,2456839.0,1.6826323,1.0
20150521,BBG000BFDLV8,CERN,XNGS,88.8137,0.13029,103098400.0,68.07,68.25,67.52,67.83,1935379.0,4.0,0.25
20150521,BBG000D9KWL9,MTB,XNYS,87.6079,0.08613,104576890.0,123.13,123.93,122.93,123.61,493637.0,1.2828417,1.0
20150521,BBG000R06BX2,NLSN,XNYS,86.8119,0.13499,105949710.0,45.61,45.96,45.61,45.74,2316347.0,1.0478796,1.0
20150521,BBG000DN7P92,SYK,XNYS,87.0991,0.0781,105763580.0,96.65,96.84,96.13,96.4,744305.0,1.0965368,1.0
20150521,BBG000BGD7W6,MAR,XNGS,68.1435,0.1431599999999999,135884130.0,80.36,80.82,80.03,80.47,1330448.0,1.1662605,0.9891886
20150521,BBG000BXNJ07,CY,XNGS,95.8577,0.21718,97120696.0,13.46,13.65,13.4,13.65,5041585.0,7.2139597,1.0
20150521,BBG000BH2JM1,SYMC,XNGS,99.6049,0.17378,93507080.0,25.0,25.15,24.91,25.065,1706349.0,1.0527073,1.0
20150521,BBG000BCYP43,BCR,XNYS,99.2472,0.09555,94003580.0,172.73,173.435,171.69,172.38,330227.0,1.0559726,1.0
20150521,BBG000BS7KS3,TAP,XNYS,90.7677,0.14575,102864320.0,75.36,75.72,74.93,75.07,1159106.0,1.1906719,1.0
20150521,BBG000BLMZK6,KMX,XNYS,99.4363,0.25847,94146410.0,72.01,72.94,71.92,72.51,1298392.0,1.0,1.0
20150521,BBG001J1QN87,ICPT,XNGS,66.0214,0.42328,141833120.0,272.93,276.0,262.53,265.69,500103.0,1.0,1.0
20150521,BBG000BQ8KV2,NUE,XNYS,99.5433,0.12915,94792740.0,48.14,48.21,47.52,47.77,1355618.0,1.2715962,1.0
20150521,BBG000C9W1Y1,XL,XNYS,99.6045,0.09747,94778970.0,37.65,37.72,37.38,37.44,2123026.0,1.2443651,1.0
20150521,BBG000BLHRS2,HSY,XNYS,91.4503,0.12587,103257900.0,94.61,95.06,93.99,94.06,997966.0,1.2143714,1.0
20150521,BBG000CHPY97,ECA,XNYS,99.9627,0.2475099999999999,94711760.0,13.22,13.67,13.18,13.6,4439998.0,2.3059673,1.0
20150521,BBG000BK6G19,NFX,XNYS,99.0638,0.23133,96346790.0,37.7,38.45,37.7,38.29,2516239.0,1.0,1.0
20150521,BBG000BJQWD2,AKAM,XNGS,97.0768,0.1248499999999999,98339784.0,76.91,77.87,76.64,77.64,723213.0,1.0,1.0
20150521,BBG000BV75B7,TIF,XNYS,86.7174,0.21383,110104940.0,86.24,87.37,85.93,86.9,1859855.0,1.1456894,1.0
20150521,BBG000BQVTF5,PCAR,XNGS,97.9396,0.11494,97491350.0,65.26,65.68,65.09,65.54,801353.0,1.2073627,1.0
20150521,BBG000BSY3K9,SIAL,XNGS,99.7179,0.07868,95885310.0,139.06,139.13,138.99,139.09,1809532.0,1.080922,1.0
20150521,BBG000C2ZCH8,SRE,XNYS,93.6948,0.07902,102232680.0,108.22,108.44,107.34,107.69,825432.0,1.2542446,1.0
20150521,BBG000BFVXX0,CMS,XNYS,99.0559,0.0764799999999999,96733710.0,34.13,34.24,33.82,34.21,2265401.0,1.3236167,1.0
20150521,BBG000DY8ZS4,WFT,XNYS,89.072,0.16811,107770760.0,14.39,14.9,14.36,14.87,6159048.0,2.0,0.5
20150521,BBG000BY2Y78,IVZ,XNYS,98.409,0.10578,97575600.0,40.83,40.9,40.521,40.62,1720387.0,1.20894,1.0
20150521,BBG000TWC2V5,MJN,XNYS,99.788,0.13163,96324850.0,97.24,97.99,96.77,97.74,1162090.0,1.1103277,1.0
20150521,BBG000CKVSG8,CNX,XNYS,98.9129,0.30966,97757320.0,31.32,32.2,31.32,31.65,1668452.0,1.0804752,1.0
20150521,BBG000BTQR96,SWK,XNYS,98.8792,0.0920899999999999,98663590.0,103.57,104.095,103.31,103.88,763648.0,1.2132416,1.0
20150521,BBG000BHCP19,MCHP,XNGS,97.3583,0.1217699999999999,100758520.0,48.7,48.7,47.94,48.39,3424417.0,1.3710437,1.0
20150521,BBG000QKPTS5,LL,XNYS,96.8771,0.49283,101305384.0,20.98,21.94,20.92,21.1,15306529.0,1.0,1.0
20150521,BBG000BLW530,EMN,XNYS,92.2498,0.13565,106541120.0,77.27,78.3,77.27,78.13,1066278.0,2.4276345,0.5
20150521,BBG006NV2Q11,MBLY,XNYS,73.7453,0.2737,133572900.0,46.88,47.7414,46.41,47.19,3201374.0,1.0,1.0
20150521,BBG000BKQ3V3,SDRL,XNYS,74.3779,0.39904,132748920.0,13.1,13.97,13.07,13.94,15289654.0,1.5185564,1.0
20150521,BBG000BNPSQ9,INCY,XNGS,90.6138,0.27505,109750840.0,110.17,110.88,108.18,108.41,611970.0,1.0,1.0
20150521,BBG000BVMPN3,TROW,XNGS,96.76,0.07798,103120470.0,81.52,81.83,81.31,81.69,830183.0,1.221152,1.0
20150521,BBG000BX5ZF5,XRX,XNYS,99.6606,0.1966,100172264.0,11.42,11.575,11.41,11.51,6754646.0,1.1623275,1.0
20150521,BBG000BRK7L6,SU,XNYS,98.3977,0.18158,101716320.0,30.03,30.355,29.86,30.17,2497970.0,2.22721,0.5
20150521,BBG000VC0T95,WDAY,XNYS,97.958,0.28392,102387736.0,91.69,92.29,89.71,91.82,1266115.0,1.0,1.0
20150521,BBG000BP4MH0,MMC,XNYS,99.7766,0.05939,100575890.0,58.93,59.25,58.93,59.1,1947936.0,1.2423692,1.0
20150521,BBG000BF1R66,CB,XNYS,99.6036,0.0573799999999999,101261670.0,99.35,99.72,99.03,99.13,711332.0,1.1966916,1.0
20150521,BBG000D2M0Z7,SBAC,XNGS,98.9566,0.14336,102421976.0,114.34,114.956,113.39,113.55,1181307.0,1.0,1.0
20150521,BBG000BKTT89,HAR,XNYS,99.4183,0.21624,102167090.0,126.66,127.54,124.78,125.07,879077.0,1.050344,1.0
20150521,BBG000BX8DC4,FL,XNYS,98.7416,0.19265,103209370.0,63.34,64.38,63.01,64.0,4087127.0,1.2929574,1.0
20150521,BBG000BNC3Y9,LNC,XNYS,99.4422,0.0891,102599310.0,59.13,59.49,58.9,58.99,1733664.0,1.1123031,1.0
20150521,BBG000BHZ5J9,EQT,XNYS,99.4446,0.17422,102666040.0,88.62,89.11,87.73,88.54,907414.0,1.1038078,1.0
20150521,BBG000BTCH57,CHRW,XNGS,98.5789,0.13418,103738090.0,63.94,64.49,63.74,64.26,1543701.0,1.155778,1.0
20150521,BBG000TJM7F0,DPS,XNYS,99.5818,0.1075,103103500.0,77.46,77.84,77.07,77.69,844235.0,1.1735909,1.0
20150521,BBG000BC15S7,AON,XNYS,98.9543,0.08823,103996340.0,101.8,102.42,101.702,102.36,1248859.0,1.0972469,1.0
20150521,BBG000BNGTQ7,LB,XNYS,84.8187,0.15564,121620880.0,87.99,89.95,87.5,88.46,1650960.0,1.7007627,1.0
20150521,BBG000G9CGL0,JAZZ,XNGS,95.877,0.2058199999999999,107819370.0,181.79,181.8,179.25,180.78,386145.0,1.0,1.0
20150521,BBG000BBBNC6,AFL,XNYS,92.6744,0.08707,111741896.0,64.45,64.53,62.83,62.89,4868099.0,1.2123517,1.0
20150521,BBG000G0Z878,HIG,XNYS,99.742,0.07092,103856840.0,42.26,42.5,42.0,42.04,1835273.0,1.1871579,1.0
20150521,BBG000BCTQ65,XEL,XNYS,99.7822,0.06002,104027000.0,34.63,34.67,34.33,34.51,2101139.0,1.3622797,1.0
20150521,BBG000BJ8YN7,FAST,XNGS,91.8527,0.1288099999999999,113247256.0,42.53,42.96,42.49,42.69,1144603.0,2.3415828,0.5
20150521,BBG000BY33P5,JNPR,XNYS,96.7728,0.17719,107550810.0,27.55,27.66,27.23,27.59,3318097.0,1.0130696,1.0
20150521,BBG000DQTXY6,DHI,XNYS,92.2633,0.10011,113448310.0,26.87,27.03,26.63,26.9,6132538.0,1.1040068,1.0
20150521,BBG000BZTW70,NBR,XNYS,97.2606,0.20265,107964984.0,15.55,16.135,15.5,15.84,6434060.0,1.0254041,1.0
20150521,BBG000Q2HM09,YELP,XNYS,99.1685,0.5290600000000001,106038560.0,46.1,46.88,45.85,46.14,1929844.0,1.0,1.0
20150521,BBG000PYZSR8,CHTR,XNGS,68.1372,0.25137,155252450.0,178.2,179.44,176.74,178.65,1903704.0,1.0,1.0
20150521,BBG000F15NW9,STJ,XNYS,97.5016,0.1372099999999999,109042160.0,74.34,74.87,74.14,74.74,882969.0,1.0881789,1.0
20150521,BBG000D8RG11,NRG,XNYS,99.2858,0.21003,107149944.0,25.66,26.16,25.62,26.1,2304283.0,1.0563972,1.0
20150521,BBG000BHB3M6,DOV,XNYS,98.5659,0.1252799999999999,108047290.0,76.25,78.19,76.14,77.56,1776569.0,1.4158646,1.0
20150521,BBG000D5S4M0,PII,XNYS,92.7782,0.1817099999999999,115245624.0,147.85,149.62,145.58,146.38,905095.0,2.4122207,0.5
20150521,BBG000J1QLT0,STZ,XNYS,95.0746,0.11192,112497030.0,119.26,119.99,118.43,119.01,593316.0,1.0,1.0
20150521,BBG000BN84F3,DGX,XNYS,99.5645,0.11069,107566370.0,74.57,74.84,73.56,73.88,1093523.0,1.0988033,1.0
20150521,BBG000CXYSZ6,FFIV,XNGS,99.6744,0.1516499999999999,107448190.0,126.77,127.375,126.26,126.9,622852.0,1.0,1.0
20150521,BBG000C2PW58,BLK,XNYS,65.1741,0.09536,164884130.0,370.5,371.77,368.03,368.22,390534.0,1.1965529,1.0
20150521,BBG000BMZ7P7,KSU,XNYS,98.7625,0.14099,108885230.0,93.35,97.12,93.3201,95.59,2104858.0,1.0322884,1.0
20150521,BBG000BM6788,IR,XNYS,99.4306,0.10309,108394904.0,69.35,69.87,68.96,69.52,1128343.0,1.4091487,1.0
20150521,BBG000BL9JQ1,HFC,XNYS,99.3082,0.21096,108848780.0,42.75,43.07,42.47,42.88,2004674.0,2.8210135,0.5
20150521,BBG000RGM5P1,TEL,XNYS,99.7465,0.1156,108486990.0,70.22,70.75,70.13,70.27,1210640.0,1.1811906,1.0
20150521,BBG000BB6G37,ADI,XNGS,99.4264,0.14485,109213976.0,66.0,66.0201,65.05,65.49,3560090.0,1.2409855,1.0
20150521,BBG000FNRZ69,HTZ,XNYS,87.6205,0.25273,123956510.0,20.43,20.8,20.31,20.79,5698325.0,1.0,1.0
20150521,BBG000BCBCM7,SPLS,XNGS,99.2541,0.2819,109597490.0,16.17,16.42,16.13,16.27,4912706.0,1.2009714,1.0
20150521,BBG000BS0ZF1,RL,XNYS,98.9035,0.13458,111313304.0,131.04,131.77,130.71,131.53,879713.0,1.0530362,1.0
20150521,BBG000QY3XZ2,EXPE,XNGS,86.1659,0.16837,127778050.0,105.23,105.96,105.04,105.89,1000188.0,1.1299696,2.0
20150521,BBG000BWVSR1,WM,XNYS,99.6359,0.11425,110595620.0,49.71,50.251,49.655,50.12,2043369.0,1.3086661,1.0
20150521,BBG001C7TST4,SPLK,XNGS,97.0582,0.30732,113848710.0,68.39,69.79,68.025,69.35,1864717.0,1.0,1.0
20150521,BBG000BC4JJ4,APD,XNYS,90.1704,0.09916,122820130.0,146.71,148.41,146.59,147.99,609236.0,1.2093567,1.0
20150521,BBG000BB6M98,FE,XNYS,99.7176,0.12846,111083464.0,35.82,36.16,35.69,35.92,3484218.0,1.4295639,1.0
20150521,BBG001M8HHB7,TRIP,XNGS,85.8057,0.18825,129664380.0,79.72,80.19,79.03,79.3,1397163.0,1.0,1.0
20150521,BBG000BV4XJ1,UTHR,XNGS,97.2051,0.2116699999999999,115376456.0,183.48,184.3799,181.17,182.61,442535.0,2.0,0.5
20150521,BBG000BGYWY6,ORLY,XNGS,97.272,0.1439599999999999,115356664.0,220.98,225.46,220.98,224.94,465442.0,1.0,1.0
20150521,BBG000H4YVR7,MDVN,XNGS,98.5306,0.2097,114021704.0,130.3,131.67,128.9,131.32,806537.0,2.0,0.5
20150521,BBG000BB5373,WU,XNYS,99.747,0.17241,113049464.0,22.43,22.585,22.4,22.5,5046043.0,1.1410226,1.0
20150521,BBG000BTKGG8,STI,XNYS,99.3518,0.07206,113721880.0,42.83,43.11,42.73,42.9,1808517.0,1.1417525,1.0
20150521,BBG000FKJRC5,EL,XNYS,98.2653,0.11466,115047210.0,88.98,89.53,88.52,89.35,1448432.0,2.1867855,0.5
20150521,BBG000BH5DV1,INTU,XNGS,95.0131,0.13808,119689430.0,103.62,104.74,103.22,104.16,2263598.0,1.0414962,1.0
20150521,BBG000BFNR17,ADS,XNYS,97.3598,0.14095,116906450.0,299.19,300.97,296.18,297.2,461705.0,1.0,1.0
20150521,BBG000DTMH63,NE,XNYS,99.1821,0.1928699999999999,115222184.0,17.13,17.79,17.11,17.63,6535575.0,1.3967673,1.0
20150521,BBG000BXWBN9,LBTYK,XNGS,96.1929,0.15865,119243920.0,52.39,53.41,52.18,53.36,7500139.0,2.0,0.5
20150521,BBG000FP1N32,NTAP,XNGS,99.2349,0.22241,115708410.0,31.05,32.129,30.85,31.77,25739880.0,1.0334251,1.0
20150521,BBG000D9DMK0,LH,XNYS,99.6827,0.11154,116318150.0,119.55,120.56,119.19,120.36,1081451.0,1.0,1.0
20150521,BBG000BHKYH4,ECL,XNYS,90.1836,0.10693,128747730.0,115.44,116.31,115.3501,116.04,854820.0,1.0961759,1.0
20150521,BBG000F7RCJ1,AAP,XNYS,99.4262,0.22983,116923330.0,144.19,160.9,143.0,157.5,4243574.0,1.0295349,1.0
20150521,BBG000BKR1D6,GWW,XNYS,88.6728,0.11478,131879640.0,245.74,247.44,244.99,246.6,506501.0,1.1402975,1.0
20150521,BBG000BM7HL0,ADSK,XNGS,99.5596,0.20773,117472480.0,57.39,57.73,56.9,57.51,3407343.0,1.0,1.0
20150521,BBG000BTVJ25,SYY,XNYS,99.7096,0.11044,117503890.0,38.02,38.235,37.79,38.1,2262681.0,1.2865436,1.0
20150521,BBG000BBCDZ2,ROK,XNYS,99.3262,0.16149,118536420.0,125.1,126.29,125.1,125.67,759416.0,1.2015579,1.0
20150521,BBG000DNTSP4,SE,XNYS,99.7708,0.12293,118120500.0,36.05,36.39,35.93,36.18,3055441.0,1.3747617,1.0
20150521,BBG007TJF1N7,QRVO,XNGS,100.0,0.28116,117885140.0,81.15,81.85,79.79,81.26,1937801.0,0.25,4.0
20150521,BBG000CXD6X9,MNST,XNGS,89.4254,0.22193,131989010.0,129.27,130.48,129.0164,130.21,1051038.0,2.0,0.5
20150521,BBG000QFJ7H3,OAS,XNYS,96.0452,0.4025199999999999,122957510.0,16.25,17.19,16.22,17.07,8271236.0,1.0,1.0
20150521,BBG000BKPL53,ZMH,XNYS,99.7676,0.12939,118687460.0,114.02,114.53,113.9,114.46,584018.0,1.0339482,1.0
20150521,BBG000BSBZH7,ROST,XNGS,97.7488,0.19189,121244296.0,100.67,102.01,100.2,101.55,2120965.0,2.1641302,0.5
20150521,BBG0039320N9,ZTS,XNYS,91.618,0.15079,129739630.0,47.33,47.89,47.05,47.8,3599250.0,1.0188653,1.0
20150521,BBG000BTZQC4,POT,XNYS,99.3408,0.14206,120800056.0,32.96,33.52,32.79,33.33,3624364.0,3.3919156,0.33333334
20150521,BBG000CHWP52,DISCA,XNGS,97.8326,0.2151,122687370.0,33.49,33.72,33.2,33.3,3036846.0,1.0788525,2.0
20150521,BBG000BCVMH9,CP,XNYS,91.3431,0.16776,131920280.0,172.62,178.27,172.5,176.73,1014042.0,1.1179497,1.0
20150521,BBG000BHLYS1,ED,XNYS,99.7817,0.08983,121030980.0,61.38,61.62,61.06,61.37,1237278.0,1.4314781,1.0
20150521,BBG000BHLYP4,CME,XNGS,94.479,0.12149,128254380.0,93.82,93.9,92.87,93.4,1453975.0,6.480717,0.2
20150521,BBG000BJ98Z0,GMCR,XNGS,74.7258,0.25629,162442320.0,89.76,91.539,89.56,90.99,2594935.0,4.563313,0.22222224
20150521,BBG000BP1Q11,MHFI,XNYS,98.1581,0.12683,123777010.0,106.6,107.18,105.66,106.87,815402.0,1.2474921,1.0
20150521,BBG000BBB3K1,RAI,XNYS,57.8575,0.17259,210365090.0,75.81,76.28,74.91,75.49,3397012.0,3.0801976,0.5
20150521,BBG000BYYLS8,BBT,XNYS,98.9206,0.08089,123595620.0,39.44,39.73,39.43,39.56,2351074.0,1.3087773,1.0
20150521,BBG000D6L294,XEC,XNYS,98.2175,0.14265,124732300.0,117.15,120.41,116.31,119.73,1298266.0,1.0450302,1.0
20150521,BBG000BR14K5,ACE,XNYS,92.8098,0.05525,132450980.0,108.84,109.17,108.51,108.9,1041648.0,1.1796727,1.0
20150521,BBG000BKZTP3,HOG,XNYS,99.5675,0.1806799999999999,123583060.0,56.5,57.1025,56.39,57.0,1960369.0,1.1541091,1.0
20150521,BBG000BRQ6L2,JBLU,XNGS,84.3155,0.2031299999999999,146283180.0,20.35,20.535,20.13,20.18,12690878.0,1.0,1.0
20150521,BBG000BQZMH4,PEG,XNYS,99.8383,0.11573,123657224.0,43.32,43.78,43.15,43.76,3021110.0,2.707554,0.5
20150521,BBG000BN5HF7,LEN,XNYS,97.4762,0.11485,127335740.0,48.57,48.86,48.1,48.41,1804015.0,1.0881048,1.0
20150521,BBG000BZ2GG4,CAM,XNYS,98.8222,0.16183,126100024.0,52.04,54.13,51.71,53.14,2319954.0,1.0,1.0
20150521,BBG000BRRG02,PVH,XNYS,99.4767,0.2246,126793850.0,104.58,105.87,104.42,105.82,461057.0,1.0200343,1.0
20150521,BBG000BKCFC2,GIS,XNYS,99.3983,0.08219,128495440.0,56.95,57.02,56.66,56.82,1572454.0,2.5130913,0.5
20150521,BBG000BB9KF2,AEP,XNYS,99.9129,0.06255,129294180.0,55.91,56.05,55.54,55.81,2026174.0,1.4051757,1.0
20150521,BBG000BQWPC5,PCG,XNYS,99.8275,0.11342,129666780.0,52.89,53.19,52.61,53.15,1961913.0,1.3471721,1.0
20150521,BBG000BF6LY3,CCL,XNYS,72.2509,0.1452999999999999,179181090.0,47.41,47.71,47.26,47.4,2277253.0,1.1386228,1.0
20150521,BBG000BJL3N0,FITB,XNGS,99.5295,0.09751,130594470.0,20.4,20.55,20.38,20.465,4990739.0,1.173913,1.0
20150521,BBG000BJPDZ1,ISRG,XNGS,98.8934,0.15975,132198060.0,490.98,497.4,490.75,494.95,204074.0,1.0,1.0
20150521,BBG001QD41M9,DLPH,XNYS,99.1116,0.13282,132573920.0,87.09,88.04,86.71,87.29,1614441.0,1.0354176,1.0
20150521,BBG000BNFLM9,LRCX,XNGS,99.5449,0.15919,132500710.0,80.32,81.41,80.02,81.23,1178269.0,1.0097094,1.0
20150521,BBG000BY29C7,COH,XNYS,99.0451,0.1669299999999999,133688550.0,37.32,38.17,37.3,38.08,4428213.0,1.125107,1.0
20150521,BBG000BNNYW1,MAT,XNGS,99.6391,0.21216,133100480.0,25.67,26.2715,25.65,26.12,4950814.0,1.3561409,1.0
20150521,BBG000BM5SR2,IP,XNYS,99.184,0.10238,134074530.0,52.79,53.19,52.51,53.1,2222849.0,1.2905002,1.0
20150521,BBG000D1QCF1,FTI,XNYS,98.661,0.21097,135103360.0,42.26,43.19,42.08,42.9,2883982.0,2.1068068,0.5
20150521,BBG000P1F8Q7,HSP,XNYS,99.1241,0.13616,134786660.0,88.14,88.35,88.08,88.31,548970.0,1.0,1.0
20150521,BBG000D13GN8,Z,XNGS,89.9544,0.31531,149064450.0,94.0,94.95,93.18,93.64,1592129.0,1.0,1.0
20150521,BBG000JWD753,LVS,XNYS,50.3813,0.18497,268236060.0,51.85,52.75,51.81,52.54,3717133.0,1.15934,1.0
20150521,BBG000R7RDB4,CXO,XNYS,98.1224,0.17989,137852500.0,119.73,122.09,119.268,122.03,1024869.0,1.0,1.0
20150521,BBG000BB5792,RCL,XNYS,77.9868,0.2506699999999999,174138380.0,76.1,76.55,75.48,75.93,1646621.0,1.0859559,1.0
20150521,BBG000KBQZ88,CTRX,XNGS,99.5792,0.15439,136557180.0,60.18,60.25,60.11,60.14,1700329.0,4.0,0.25
20150521,BBG000CSY9H9,BBBY,XNGS,97.2898,0.16548,139913040.0,71.45,72.04,71.0,71.69,1395788.0,1.0,1.0
20150521,BBG000BJ2VQ6,ESV,XNYS,99.5011,0.1841099999999999,136808740.0,24.82,25.71,24.8,25.3,4736159.0,1.2178932,1.0
20150521,BBG000BMQPL1,KEY,XNYS,99.7983,0.10012,137062900.0,14.92,15.03,14.86,14.92,6833176.0,1.16637,1.0
20150521,BBG000BBJQV0,NVDA,XNGS,94.384,0.17058,145185180.0,21.05,21.14,20.87,20.89,5992250.0,1.0557169,1.0
20150521,BBG000BR3KL6,PH,XNYS,98.7124,0.12789,139066580.0,122.78,125.33,122.75,125.15,2117937.0,1.1463187,1.0
20150521,BBG000BRXP69,EW,XNYS,99.0588,0.20747,138593630.0,131.91,132.22,130.29,131.82,1033755.0,2.0,0.5
20150521,BBG000BB07P9,ABX,XNYS,99.796,0.24776,137890480.0,12.42,12.49,12.235,12.44,8617781.0,1.1053461,1.0
20150521,BBG000D7RKJ5,EIX,XNYS,99.7898,0.1071,137950460.0,60.83,61.11,60.51,60.83,1171740.0,1.2564836,1.0
20150521,BBG000BGLRN3,CTL,XNYS,99.5091,0.12515,138808850.0,34.43,34.48,34.1,34.25,4287553.0,1.677842,1.0
20150521,BBG000G3QLY3,AMP,XNYS,99.6727,0.10284,138798300.0,127.98,128.6368,127.9512,128.29,755748.0,1.1687471,1.0
20150521,BBG000C1FB75,ICE,XNYS,98.5991,0.14625,140716740.0,235.15,236.91,234.18,235.35,535829.0,1.0188537,1.0
20150521,BBG000BMBL90,ITW,XNYS,85.6761,0.083,162744180.0,96.68,97.96,96.52,97.51,1294429.0,1.2074841,1.0
20150521,BBG000BLCPY4,HP,XNYS,97.3427,0.15297,143835860.0,74.78,76.51,74.68,75.52,1500365.0,1.0972522,1.0
20150521,BBG002BHBHM1,MNK,XNYS,99.4752,0.1861,140804030.0,128.8,129.28,127.6201,128.81,640892.0,1.0,1.0
20150521,BBG000G2R6M0,GG,XNYS,99.2823,0.25035,141492420.0,18.49,18.65,18.26,18.39,4657105.0,1.0999115,1.0
20150521,BBG000JG0547,ADP,XNGS,99.7867,0.07643,141052960.0,87.36,87.62,87.08,87.27,1517448.0,1.4055446,1.0
20150521,BBG000C0F570,XLNX,XNGS,99.7238,0.1866499999999999,141955400.0,46.88,47.25,46.53,46.83,4066447.0,1.2083442,1.0
20150521,BBG000C3HSR0,LNG,XASE,95.4619,0.20219,149961360.0,76.51,77.1,76.31,77.0,1360912.0,1.0,1.0
20150521,BBG000CZWZ05,BMRN,XNGS,98.1489,0.2368699999999999,146249300.0,127.59,128.0,124.57,126.88,874659.0,1.0,1.0
20150521,BBG000BMDV41,JCI,XNYS,99.7529,0.12554,144860860.0,50.47,51.78,50.3,51.3,4725641.0,1.1693082,1.0
20150521,BBG000BRWGG9,RAD,XNYS,99.1187,0.33568,145868430.0,8.37,8.51,8.29,8.48,20436340.0,1.0,1.0
20150521,BBG000DKCC19,TSN,XNYS,98.2007,0.16974,148657070.0,43.51,43.795,43.12,43.49,4401730.0,1.0835925,1.0
20150521,BBG000BCWCG1,BBY,XNYS,86.9738,0.27149,167918240.0,36.6,36.6,35.02,35.11,17968324.0,1.1901796,1.0
20150521,BBG000BB5006,ADBE,XNGS,96.3985,0.1974,151812270.0,79.54,80.74,79.19,80.56,2761264.0,1.0,1.0
20150521,BBG000JH6683,ISIS,XNGS,99.2439,0.2812099999999999,147698980.0,67.4,68.48,66.55,67.17,1933217.0,1.0,1.0
20150521,BBG000BXMFC3,URI,XNYS,99.1267,0.18388,148208700.0,103.01,105.83,103.01,105.13,2316961.0,1.0,1.0
20150521,BBG0014GJCT9,PANW,XNYS,88.2309,0.2357199999999999,167403920.0,158.43,160.58,157.7,160.14,1054930.0,1.0,1.0
20150521,BBG000BVMGF2,ALL,XNYS,97.9544,0.08793,150962290.0,68.42,68.608,67.88,68.1,2538855.0,1.2247906,1.0
20150521,BBG000BRJL00,PPL,XNYS,99.9584,0.08918,148125820.0,34.84,34.98,34.46,34.56,4573340.0,1.4008886,1.0
20150521,BBG000BSXQV7,SHW,XNYS,85.406,0.10583,174539100.0,288.45,288.73,287.06,287.45,396480.0,1.1367722,1.0
20150521,BBG0020B4JG7,FEYE,XNGS,78.5947,0.29752,190333500.0,42.5,43.91,42.26,43.22,5573120.0,1.0,1.0
20150521,BBG000FVXD63,RRC,XNYS,97.4401,0.2565,153575330.0,58.76,59.09,58.09,58.73,1930508.0,1.0212444,1.0
20150521,BBG000BP0KQ8,EA,XNGS,97.0467,0.18698,155050260.0,62.26,62.91,61.61,62.69,2425954.0,1.0,1.0
20150521,BBG000BK67C7,GD,XNYS,86.3028,0.09971,174590030.0,139.96,141.1,139.845,140.87,1248114.0,1.2047981,1.0
20150521,BBG000Q3JN03,RF,XNYS,99.671,0.1016,151176210.0,10.22,10.32,10.18,10.24,13552179.0,1.1635044,1.0
20150521,BBG000D898T9,CAH,XNYS,99.6645,0.10529,151486580.0,87.96,88.785,87.87,88.66,1871786.0,1.607724,1.0
20150521,BBG000CPQZ77,WFM,XNGS,99.1248,0.1469,152849330.0,42.45,42.75,42.355,42.56,3266368.0,2.1651487,0.5
20150521,BBG001LWHLJ8,GPRO,XNGS,75.5298,0.34747,201074160.0,54.26,54.26,52.93,53.5,4207261.0,1.0,1.0
20150521,BBG000BFTJ91,CMCSK,XNGS,97.488,0.10154,156132590.0,56.97,57.7276,56.97,57.21,6353282.0,1.1482241,1.0
20150521,BBG000BB6WG8,ADM,XNYS,97.6478,0.13346,156772910.0,52.33,53.07,52.29,52.92,2991118.0,1.1689007,1.0
20150521,BBG000BXM6V2,UA,XNYS,99.0589,0.13959,154692560.0,78.59,78.79,77.7,78.2,1112673.0,4.0,0.25
20150521,BBG000BMW2Z0,KMB,XNYS,99.634,0.09388,154185380.0,112.16,112.33,111.53,111.83,1065182.0,1.372403,1.0
20150521,BBG000C0LW92,BSX,XNYS,99.1242,0.15264,155434130.0,17.91,17.99,17.79,17.87,4508177.0,1.0,1.0
20150521,BBG000BPWXK1,NEM,XNYS,99.6916,0.20104,155453010.0,27.62,27.64,26.85,27.0,4965097.0,1.1271886,1.0
20150521,BBG000BCZYD3,BDX,XNYS,99.4516,0.1055,155873390.0,141.23,142.685,140.95,142.41,872881.0,1.1549721,1.0
20150521,BBG000BSD7C2,RTN,XNYS,99.4765,0.11193,156278190.0,106.64,107.78,106.64,107.51,1197871.0,1.2358348,1.0
20150521,BBG000BJ3PD2,ETN,XNYS,99.6893,0.1021799999999999,156798670.0,72.41,73.615,72.39,73.4,2564566.0,2.5137534,0.5
20150521,BBG000BRJ809,PPG,XNYS,99.5716,0.0807499999999999,157411100.0,228.32,230.23,228.2401,229.23,332205.0,1.2168489,1.0
20150521,BBG000BPT0C6,NBL,XNYS,98.18,0.1736499999999999,160768820.0,44.44,44.49,43.74,43.8,4967113.0,2.15993,0.5
20150521,BBG000CGQ6M4,PX,XNYS,99.8102,0.09249,163189970.0,121.33,121.87,121.07,121.86,830178.0,1.1626544,1.0
20150521,BBG0029SNR63,KORS,XNYS,96.6903,0.29969,168858190.0,60.57,61.51,60.23,61.33,3838308.0,1.0,1.0
20150521,BBG000BSC0K9,DLTR,XNGS,96.3441,0.16519,170206000.0,75.05,80.22,74.5123,78.68,8598394.0,3.0,0.33333334
20150521,BBG000BKFBD7,STT,XNYS,93.9701,0.1055599999999999,175185230.0,78.65,79.13,78.53,78.9,1412102.0,1.0999078,1.0
20150521,BBG000BBD070,HES,XNYS,87.1832,0.1086099999999999,189711660.0,70.12,70.4,69.38,69.94,2781638.0,1.0590059,1.0
20150521,BBG000C2BXK4,MGM,XNYS,79.0858,0.23973,212021140.0,20.15,20.26,20.07,20.2,8029404.0,1.0,1.0
20150521,BBG000BFQYY3,CL,XNYS,99.5808,0.06838,168862220.0,68.81,68.86,68.4675,68.82,1808790.0,2.39084,0.5
20150521,BBG000BGVW60,D,XNYS,99.5582,0.06888,169717380.0,72.07,72.44,71.66,72.02,3154720.0,1.3478695,1.0
20150521,BBG000BSLZY7,SCHW,XNYS,88.3677,0.1445,193791500.0,31.43,31.75,31.3,31.48,5961658.0,1.1068894,1.0
20150521,BBG000C0HQ54,ENDP,XNGS,97.8003,0.18463,177058000.0,85.68,85.935,84.24,85.0,3413878.0,1.0,1.0
20150521,BBG000C3GN47,COG,XNYS,98.2663,0.19193,176848800.0,35.11,35.29,34.9,34.99,5112375.0,4.0799437,0.25
20150521,BBG000BWSV34,WHR,XNYS,99.4126,0.16614,175183940.0,187.77,192.52,187.61,192.05,1014485.0,1.2080514,1.0
20150521,BBG000BFXHL6,MOS,XNYS,92.5106,0.12229,188986320.0,47.32,47.68,47.1,47.43,4903804.0,1.0996722,1.0
20150521,BBG000C7LMS8,AZO,XNYS,99.1315,0.16,176410540.0,685.0,692.4,682.03,691.91,272713.0,1.0,1.0
20150521,BBG000C11MQ5,PCYC,XNGS,81.2196,0.2216099999999999,215868740.0,259.0,260.25,258.61,259.55,1916455.0,1.0,1.0
20150521,BBG000QW7VC1,HCA,XNYS,77.0001,0.1673,229765060.0,82.22,82.39,81.555,81.59,2673083.0,1.2477725,1.0
20150521,BBG000C8H633,MRO,XNYS,99.7822,0.12872,177633040.0,27.62,28.265,27.46,28.18,7369598.0,1.992229,1.0
20150521,BBG000BH5LT6,RIG,XNYS,94.034,0.27021,188681840.0,19.71,20.19,19.64,20.09,11080051.0,1.2336793,1.0
20150521,BBG000BQ2C28,NOC,XNYS,98.3815,0.09349,181154320.0,160.25,161.79,160.0401,161.18,1079949.0,1.3650353,1.0
20150521,BBG000BBMSJ6,ALTR,XNGS,99.5993,0.42406,180348030.0,46.57,47.36,46.4,47.04,2761735.0,1.0946128,1.0
20150521,BBG000C1S2X2,VRTX,XNGS,99.3056,0.19983,181604270.0,126.42,127.1,124.315,125.05,1202626.0,1.0,1.0
20150521,BBG000BX3TD3,X,XNYS,98.7946,0.32459,183009140.0,24.39,24.48,23.76,23.91,6590186.0,1.0683614,1.0
20150521,BBG000BKFZM4,GLW,XNYS,99.8207,0.13706,181678530.0,21.68,22.05,21.64,21.82,9715325.0,1.1366142,1.0
20150521,BBG000BWJFZ4,CF,XNYS,99.4868,0.15569,182815400.0,311.39,320.57,309.66,317.09,1085921.0,1.0720083,1.0
20150521,BBG000BJ81C1,TRV,XNYS,99.5241,0.07389,182996500.0,103.62,103.8,103.04,103.09,1777108.0,1.2096779,1.0
20150521,BBG000HCJMF9,PRU,XNYS,99.7714,0.11373,183580620.0,85.2,86.03,84.96,85.63,1825049.0,1.2163237,1.0
20150521,BBG000F0KF42,STX,XNGS,94.7215,0.17414,193848430.0,54.43,55.61,54.3,55.37,2886103.0,1.2327863,1.0
20150521,BBG000FL1TC8,DTV,XNGS,93.6106,0.13723,198384180.0,91.29,92.45,91.29,92.15,2964224.0,1.0,1.0
20150521,BBG000BWNFZ9,WDC,XNGS,96.972,0.15033,191765630.0,95.1,95.67,94.38,95.25,978151.0,1.0519383,1.0
20150521,BBG000BGPTV6,CMI,XNYS,99.7052,0.1052599999999999,187924260.0,141.0,142.39,140.8,141.93,846689.0,2.2703483,0.5
20150521,BBG000C1BW00,LMT,XNYS,82.4679,0.08904,227635380.0,193.57,193.94,192.52,193.11,769670.0,1.2928168,1.0
20150521,BBG000BH1NH9,DE,XNYS,94.638,0.12523,198879100.0,89.18,89.79,89.05,89.46,3031105.0,1.17658,1.0
20150521,BBG000F80SZ5,SUNE,XNYS,96.8316,0.26087,195162980.0,29.27,29.61,29.09,29.45,6626926.0,1.0,1.0
20150521,BBG000BD8PN9,BK,XNYS,92.3852,0.08987,205280780.0,43.39,43.77,43.3501,43.64,4208920.0,1.1623498,1.0
20150521,BBG000DSMS70,ILMN,XNGS,98.6871,0.1644599999999999,193159300.0,202.21,203.66,202.0,203.12,766815.0,2.0,0.5
20150521,BBG000QBR5J5,DFS,XNYS,98.8244,0.11582,194124060.0,59.74,60.05,59.53,59.6,1600050.0,1.0971951,1.0
20150521,BBG000BFMBQ6,CI,XNYS,99.5742,0.10393,193382540.0,133.25,133.56,132.5201,132.95,1133396.0,1.008443,1.0
20150521,BBG000BVDLH9,TMO,XNYS,98.406,0.1147299999999999,196596020.0,132.19,133.48,131.8375,132.84,2328749.0,1.0225364,1.0
20150521,BBG000CNFQW6,PRGO,XNYS,95.8384,0.2660099999999999,202666340.0,197.58,199.7399,195.73,198.26,1017952.0,1.0323652,1.0
20150521,BBG000CS7CT9,KSS,XNYS,96.8016,0.17301,200955540.0,65.61,66.6,65.51,65.91,3428111.0,1.1144779,1.0
20150521,BBG000BBDV81,CTSH,XNGS,99.4604,0.15887,196434540.0,64.74,65.26,64.68,64.97,1964370.0,2.0,0.5
20150521,BBG000BH3JF8,DHR,XNYS,87.4093,0.09448,223989680.0,86.99,87.28,86.67,86.9,3815084.0,2.0353742,0.5
20150521,BBG000BBVJZ8,DVN,XNYS,93.9065,0.12892,209399980.0,66.28,67.6,66.28,67.51,2917691.0,1.0872664,1.0
20150521,BBG000MDCQC2,ABC,XNYS,94.5287,0.11466,208241020.0,114.5,114.81,113.87,113.94,2319280.0,2.19622,0.5
20150521,BBG000DHSPT0,VIAB,XNGS,96.8524,0.1261999999999999,204523040.0,65.94,67.02,65.68,66.91,2150144.0,1.0958338,1.0
20150521,BBG000BD4VG8,BHI,XNYS,99.7596,0.1153099999999999,198677630.0,64.68,65.94,64.51,65.88,2491522.0,1.0899675,1.0
20150521,BBG000DYGNW7,MCK,XNYS,99.6928,0.11193,199765020.0,241.01,241.42,238.46,239.44,1361376.0,1.0629413,1.0
20150521,BBG000FJLFX8,AET,XNYS,99.5822,0.08961,200570770.0,114.0,114.86,113.8,114.69,1089915.0,1.0656774,1.0
20150521,BBG000BV8DN6,TJX,XNYS,94.1063,0.12045,213033200.0,68.22,68.25,67.72,67.87,3180206.0,2.1987681,0.5
20150521,BBG000BGKTF9,COF,XNYS,99.2782,0.09279,201949180.0,85.27,85.44,84.8,85.11,2156252.0,1.1239806,1.0
20150521,BBG000BLKK03,HUM,XNYS,99.4687,0.14071,201912210.0,177.88,179.385,177.02,178.76,904546.0,1.0465426,1.0
20150521,BBG000BTR593,SWN,XNYS,98.801,0.2738699999999999,203774830.0,27.21,27.51,26.88,27.33,4742564.0,2.0,0.5
20150521,BBG000BJSBJ0,NEE,XNYS,99.5581,0.06939,202745380.0,102.5,102.75,101.87,102.16,1340282.0,1.288223,1.0
20150521,BBG000D9D830,ACN,XNYS,99.7123,0.10865,203207040.0,96.78,97.05,96.29,96.83,1677792.0,1.1686714,1.0
20150521,BBG000BRD0D8,PNC,XNYS,99.1475,0.06682,207738930.0,94.8,95.23,94.59,94.96,1514557.0,1.190913,1.0
20150521,BBG000B9ZXB4,ABT,XNYS,99.7149,0.08827,206916180.0,49.06,49.43,48.9,49.34,4193680.0,2.5778103,1.0
20150521,BBG000BCVJ77,BAX,XNYS,99.7404,0.1166799999999999,208041010.0,67.88,68.02,67.18,67.54,5425847.0,1.1911645,1.0
20150521,BBG000C0MF34,PCP,XNYS,96.7925,0.20189,215007820.0,218.65,220.72,218.5,219.94,687742.0,1.0066257,1.0
20150521,BBG000BC2C10,APA,XNYS,99.4709,0.14269,209470690.0,62.08,62.615,61.61,62.17,2890543.0,1.0634711,1.0
20150521,BBG000J6XT05,EXC,XNYS,99.8336,0.12244,209253550.0,34.35,34.625,34.2401,34.46,3902586.0,1.3898463,1.0
20150521,BBG000BVPPM1,TSO,XNYS,99.1262,0.20794,215036370.0,90.35,90.99,89.85,90.49,1181378.0,1.0981565,1.0
20150521,BBG000LD9JQ8,WYNN,XNGS,80.0259,0.25701,267042140.0,107.51,109.6875,107.51,108.1,1804069.0,1.4484568,1.0
20150521,BBG00286S4N9,PSX,XNYS,98.514,0.11864,217000690.0,80.69,81.38,80.27,81.0,2289441.0,1.0723548,1.0
20150521,BBG000NV1KK7,DG,XNYS,94.86,0.1475,229928910.0,72.15,73.85,71.44,73.29,4510842.0,1.00292,1.0
20150521,BBG000BT9DW0,SO,XNYS,99.9611,0.1288099999999999,222998690.0,43.66,43.714,43.22,43.38,4894494.0,1.428987,1.0
20150521,BBG000BQ5DS5,NSC,XNYS,99.5936,0.1119999999999999,227783340.0,96.06,98.12,96.0,97.11,2503791.0,1.2091227,1.0
20150521,BBG000BB6KF5,MET,XNYS,78.0408,0.08879,291359940.0,53.07,53.68,53.0,53.59,7065243.0,1.1818464,1.0
20150521,BBG000BJF1Z8,FDX,XNYS,92.7924,0.1102099999999999,246654960.0,176.91,177.25,175.48,176.55,1112327.0,1.043814,1.0
20150521,BBG000BLBXT4,HOT,XNYS,99.314,0.15597,231520510.0,85.06,85.39,84.81,84.84,1832223.0,1.1860902,1.0
20150521,BBG000FFDM15,USB,XNYS,95.1191,0.07268,242756540.0,44.01,44.105,43.83,43.86,5953070.0,1.1866637,1.0
20150521,BBG000BLZRJ2,MS,XNYS,72.9722,0.08605,321887140.0,38.18,38.34,38.0,38.04,7118015.0,1.1086439,1.0
20150521,BBG000C496P7,CBS,XNYS,97.1991,0.1355,244399120.0,60.91,62.05,60.87,61.81,2272380.0,1.1939173,1.0
20150521,BBG000BCG930,ANTM,XNYS,99.6539,0.09779,239383940.0,163.0,164.855,162.5,164.62,1123552.0,1.0759399,1.0
20150521,BBG000BNBDC2,LLY,XNYS,88.0088,0.1074,271331200.0,73.34,74.35,73.18,74.27,3288096.0,1.3996763,1.0
20150521,BBG000BWVCP8,WMB,XNYS,91.439,0.14153,262873010.0,53.56,53.67,52.8001,53.11,5561594.0,1.5402862,1.0
20150521,BBG000G30YX4,ALXN,XNGS,99.0981,0.21889,243632370.0,163.9,169.26,162.15,168.57,2653367.0,4.0,0.25
20150521,BBG000BWXBC2,WMT,XNYS,47.3663,0.11458,511230750.0,75.8,76.42,75.56,76.11,6166798.0,1.1901433,1.0
20150521,BBG001DCCGR8,MPC,XNYS,99.6302,0.19274,243517010.0,104.3,104.84,103.52,103.66,2105160.0,1.0927693,1.0
20150521,BBG000BFDXW1,BRCM,XNGS,98.9349,0.16061,245846880.0,47.01,47.5,46.9,47.36,3987342.0,1.0655028,1.0
20150521,BBG000BN2DC2,CRM,XNYS,93.61,0.37472,260328380.0,73.51,74.68,72.31,72.91,12314245.0,4.0,0.25
20150521,BBG000BHGDH5,DUK,XNYS,99.759,0.06732,244976900.0,76.57,76.64,76.02,76.16,3192720.0,1.4556391,1.0
20150521,BBG000QX74T1,CMG,XNYS,98.3011,0.13796,250951150.0,628.33,633.74,625.03,633.36,438741.0,1.0,1.0
20150521,BBG000BCGY17,LO,XNYS,99.6996,0.17942,248352580.0,71.77,72.39,71.5,72.0,4522969.0,4.2238045,0.33333334
20150521,BBG000F6H8W8,COST,XNGS,98.1458,0.12613,254817920.0,143.37,144.5897,142.845,143.94,1539405.0,1.2082511,1.0
20150521,BBG000PX3XC0,WLL,XNYS,98.9655,0.27641,254415220.0,33.08,34.0,33.01,33.88,6666772.0,2.0,0.5
20150521,BBG000C734W3,REGN,XNGS,75.192,0.1798,335626300.0,513.09,518.199,510.2,516.0,864193.0,1.0,1.0
20150521,BBG000WCFV84,LYB,XNYS,80.7461,0.16329,315175460.0,101.9,104.12,101.9,103.42,2073797.0,1.36479,1.0
20150521,BBG000C4DPX1,AVGO,XNGS,99.6899,0.2369,257945490.0,129.51,130.03,127.84,129.59,2130934.0,1.0754507,1.0
20150521,BBG000C46HM9,M,XNYS,99.6687,0.14461,258176530.0,67.89,68.44,67.6,67.66,4659688.0,1.1475172,1.0
20150521,BBG000H556T9,HON,XNYS,94.9036,0.08761,271251520.0,106.28,106.8,106.08,106.36,2659720.0,1.2106104,1.0
20150521,BBG000BVV7G1,TXN,XNGS,99.5985,0.10792,259728140.0,55.51,56.0,55.26,55.5,4260836.0,1.1669242,1.0
20150521,BBG000BHX7N2,EMR,XNYS,99.3312,0.1098599999999999,269626240.0,60.25,62.75,60.2,61.72,10752742.0,1.2473184,1.0
20150521,BBG000FG3C43,SNDK,XNGS,99.7422,0.20923,271460030.0,67.15,67.75,66.64,67.02,2018739.0,1.0236992,1.0
20150521,BBG000F0PF65,TWX,XNYS,94.1775,0.10439,287565340.0,85.11,85.734,85.07,85.15,2862284.0,0.44351628,3.000003
20150521,BBG000BH3GZ2,YUM,XNYS,99.7036,0.161,272220200.0,94.53,94.62,93.135,93.44,3382497.0,1.1679635,1.0
20150521,BBG000BND699,NXPI,XNGS,98.6345,0.20367,276232900.0,102.78,106.88,101.53,106.79,4917061.0,1.0,1.0
20150521,BBG000BXRPH1,PXD,XNYS,98.9084,0.17453,275728860.0,153.24,156.33,153.15,156.0,1740669.0,1.0133635,1.0
20150521,BBG000BNJHS8,LUV,XNYS,99.7303,0.1272599999999999,275285440.0,37.46,37.8,37.05,37.23,14987341.0,1.0288336,1.0
20150521,BBG000BJX8C8,NOV,XNYS,99.209,0.18621,278584400.0,50.44,51.95,50.18,51.4,5038750.0,1.2156016,1.0
20150521,BBG000BWLMJ4,WBA,XNGS,78.1212,0.13776,353971700.0,84.75,87.18,84.5101,87.14,3433637.0,1.1621888,1.0
20150521,BBG0019JZ882,KMI,XNYS,82.4544,0.11069,335652400.0,42.72,42.88,42.5,42.66,5860931.0,1.1656252,1.0
20150521,BBG000BL4504,CHK,XNYS,87.5575,0.27978,316361150.0,14.85,15.33,14.8199,15.31,14934696.0,1.173012,1.0
20150521,BBG000BMY992,KR,XNYS,93.7527,0.15532,299181660.0,73.7,74.37,73.34,74.05,3136933.0,1.1318212,1.0
20150521,BBG000C5HS04,NKE,XNYS,99.3817,0.10714,287074500.0,104.87,105.2,104.24,104.4,2721816.0,2.2273765,0.5
20150521,BBG000L9CV04,UPS,XNYS,99.8635,0.0984,290436740.0,101.92,102.45,101.62,102.05,2159577.0,1.248777,1.0
20150521,BBG000C15T95,ESRX,XNGS,99.7519,0.1402999999999999,291419070.0,88.4,90.9902,88.4,90.2,10622232.0,2.0,0.5
20150521,BBG001YMS0B8,KRFT,XNGS,99.7379,0.12023,291550270.0,85.27,85.78,84.59,85.75,2334855.0,1.0968838,1.0
20150521,BBG000BGJRC8,CSX,XNYS,99.5673,0.18164,298313340.0,35.26,35.87,35.15,35.55,7946339.0,3.4977257,0.33333334
20150521,BBG000B9WH86,AA,XNYS,99.6834,0.17975,297976350.0,13.1,13.11,12.99,13.0,16873148.0,1.1225741,1.0
20150521,BBG000Q9HH23,LNKD,XNYS,99.0028,0.22318,307520100.0,194.39,197.06,193.26,197.04,2230342.0,1.0,1.0
20150521,BBG000BNDN65,LOW,XNYS,99.8121,0.1374,308295330.0,68.5,69.88,68.25,68.72,8764245.0,1.1429973,1.0
20150521,BBG000BQQ2S6,OXY,XNYS,98.5707,0.1110599999999999,314467600.0,76.93,77.43,76.51,76.95,3460002.0,1.234974,1.0
20150521,BBG000M65M61,UAL,XNYS,99.7538,0.12988,314449340.0,54.6,55.37,54.08,54.13,10720399.0,1.0693549,1.0
20150521,BBG000D4LWF6,MDLZ,XNGS,96.7548,0.1524599999999999,333010560.0,40.65,40.71,40.21,40.31,8225586.0,1.9045285,1.0
20150521,BBG000BJDB15,FCX,XNYS,98.3375,0.24623,330164100.0,21.24,21.56,20.85,21.35,17040282.0,2.5265863,0.5
20150521,BBG000KLB4Q1,SWKS,XNGS,99.5924,0.16879,331060000.0,104.43,104.49,102.75,103.89,1946429.0,1.009888,1.0
20150521,BBG000BH13K9,DD,XNYS,99.8106,0.1372,330514600.0,70.62,71.1,70.43,70.98,3875290.0,1.3213147,1.0
20150521,BBG000BW8S60,UTX,XNYS,92.7962,0.0840799999999999,355588400.0,118.81,119.66,118.7001,119.12,2121214.0,1.1929767,1.0
20150521,BBG000BC40Y8,APC,XNYS,99.7935,0.13295,333035650.0,83.77,85.66,83.5,85.6,3906836.0,1.0518284,1.0
20150521,BBG000BP6LJ8,MO,XNYS,99.7888,0.0908,339612220.0,51.84,51.84,51.22,51.64,6576534.0,4.9315314,1.0
20150521,BBG000BZ9223,EOG,XNYS,99.2251,0.12435,342543420.0,91.17,91.8302,90.68,91.49,3498851.0,2.0956273,0.5
20150521,BBG000BP52R2,MMM,XNYS,99.8906,0.0721899999999999,340612300.0,161.9,162.3537,161.8,162.06,2401430.0,1.2182288,1.0
20150521,BBG000CTQBF3,SBUX,XNGS,97.3281,0.11479,349806820.0,50.94,51.45,50.78,51.33,5083812.0,2.1626177,0.5
20150521,BBG000BFWKC0,MON,XNYS,99.6712,0.16385,345292060.0,118.83,120.13,118.6,120.0,1917704.0,1.1158308,1.0
20150521,BBG000DLFM21,VRX,XNYS,98.6189,0.2027499999999999,350241630.0,229.26,235.0,228.5,233.27,1719327.0,1.286276,1.0
20150521,BBG000H8TVT2,TGT,XNYS,99.7451,0.14395,347080600.0,78.3,79.97,78.0,79.39,6724796.0,1.1724231,1.0
20150521,BBG000F1ZSQ2,MA,XNYS,88.982,0.12161,392335200.0,93.09,93.35,92.73,92.9,2890945.0,10.271527,0.1
20150521,BBG000BHBK84,DOW,XNYS,99.6005,0.10923,352623400.0,51.07,51.64,50.86,51.38,4257328.0,1.2927315,1.0
20150521,BBG000C43RR5,EBAY,XNGS,91.8499,0.136,383679360.0,59.0,59.94,59.0,59.74,5135768.0,1.0,1.0
20150521,BBG000BQPC32,F,XNYS,99.2464,0.10533,357293820.0,15.28,15.55,15.26,15.51,23960456.0,1.0905172,1.0
20150521,BBG000DQLV23,BMY,XNYS,99.8653,0.16329,356422460.0,68.94,69.01,68.46,68.89,3987334.0,1.3638079,1.0
20150521,BBG000BPQD31,MYL,XNGS,84.1149,0.26405,423559420.0,70.16,71.03,69.745,69.94,4578136.0,1.0,1.0
20150521,BBG000BBPFB9,AMAT,XNGS,99.3788,0.11895,359464220.0,19.83,20.26,19.82,20.15,11819798.0,1.1819539,1.0
20150521,BBG000BQLTW7,ORCL,XNYS,74.4442,0.13663,489832480.0,44.22,44.45,43.95,44.28,8036392.0,1.0641466,1.0
20150521,BBG000KHWT55,HPQ,XNYS,99.9319,0.21284,367671000.0,33.1,33.94,33.02,33.83,13298102.0,1.1192162,1.0
20150521,BBG000H89QJ6,TWC,XNYS,99.876,0.18117,369257440.0,166.13,168.21,164.06,165.52,6631598.0,0.891634,3.000003
20150521,BBG000J2XL74,PM,XNYS,99.7168,0.10753,372413380.0,85.41,85.41,84.6,85.14,3037851.0,1.3584248,1.0
20150521,BBG000BBGGQ1,VLO,XNYS,99.5313,0.15784,376356320.0,60.2,60.74,59.85,60.61,3705590.0,1.2730439,1.0
20150521,BBG000C6CFJ5,GS,XNYS,89.6522,0.08404,419767780.0,204.6,205.21,204.175,204.95,2220222.0,1.0915705,1.0
20150521,BBG000BHVJJ3,EMC,XNYS,99.4327,0.1136099999999999,383292580.0,26.52,26.8299,26.45,26.79,15747974.0,1.0328884,1.0
20150521,BBG000BF0K17,CAT,XNYS,99.7741,0.10491,387557540.0,88.23,89.62,87.94,89.33,8149413.0,1.2250751,1.0
20150521,BBG000BNWG87,MDT,XNYS,99.8843,0.1067,393078750.0,78.68,78.7,78.2901,78.41,3537645.0,1.1697904,1.0
20150521,BBG000BBDZG3,AIG,XNYS,99.9702,0.09031,393097920.0,59.93,60.7,59.85,60.22,6743057.0,0.061847765,20.0
20150521,BBG000DWYF03,FOXA,XNGS,98.5835,0.1315,402166460.0,34.48,34.831,34.48,34.61,8880692.0,1.2171282,1.0
20150521,BBG000DWG505,BRK/B,XNYS,93.5867,0.07239,423846660.0,145.6,145.93,145.16,145.27,2293898.0,50.0,0.02
20150521,BBG000CH5208,UNH,XNYS,98.3233,0.08814,404328400.0,120.76,120.84,120.05,120.46,2982875.0,1.0805745,1.0
20150521,BBG000BCQZS4,AXP,XNYS,84.8414,0.12039,470651600.0,80.54,81.17,80.41,80.76,4249682.0,1.1337076,1.0
20150521,BBG000DH7JK6,PEP,XNYS,99.7185,0.06763,408171260.0,97.4,97.79,96.9,97.2,3406907.0,1.2367251,1.0
20150521,BBG000BGRY34,CVS,XNYS,99.7255,0.08191,415699740.0,101.27,104.93,101.1,103.69,7691160.0,1.0982798,1.0
20150521,BBG000BQQH30,COP,XNYS,99.9793,0.12841,415094000.0,65.13,65.75,64.87,65.58,5419464.0,1.7546469,1.0
20150521,BBG000NDYB67,GM,XNYS,88.6486,0.13297,474717540.0,35.0,35.66,35.0,35.58,16012773.0,0.010438501,100.0
20150521,BBG000R7Z112,DAL,XNYS,99.615,0.1000099999999999,467857820.0,43.5,44.15,42.69,43.75,16262456.0,1.0174813,1.0
20150521,BBG005P7Q881,AAL,XNGS,98.6098,0.1221,473789820.0,43.19,43.39,42.4,42.47,23879952.0,1.009152,1.0
20150521,BBG000BMX289,KO,XNYS,89.9822,0.07776,529549280.0,41.26,41.32,41.07,41.23,9270247.0,2.4824712,0.5
20150521,BBG000GFFQN9,YHOO,XNGS,91.8245,0.27702,526722460.0,43.06,43.865,43.05,43.675,30376444.0,1.0,1.0
20150521,BBG000BKZB36,HD,XNYS,99.8346,0.09753,492587870.0,111.98,112.3299,111.62,112.01,4237562.0,1.2254969,1.0
20150521,BBG000BBS2Y0,AMGN,XNGS,99.8528,0.12951,493256580.0,163.52,164.73,162.82,163.84,2153523.0,1.0801929,1.0
20150521,BBG000BCSST7,BA,XNYS,92.3585,0.11237,544497150.0,146.56,147.71,146.1,147.35,2676417.0,1.2084895,1.0
20150521,BBG000PSKYX7,V,XNYS,99.3724,0.1309,510918850.0,69.55,69.87,69.28,69.37,6480103.0,4.210628,0.25
20150521,BBG000BH4R78,DIS,XNYS,92.1933,0.09228,574663100.0,110.04,110.64,109.9,110.39,4876849.0,1.0985765,1.0
20150521,BBG000BW3299,UNP,XNYS,99.497,0.10138,534912480.0,102.99,105.65,102.62,104.96,5942645.0,4.5923796,0.25
20150521,BBG000BFC8J2,CELG,XNGS,99.7539,0.12997,539813700.0,116.4,117.48,115.95,116.2,3923870.0,2.0,0.5
20150521,BBG000C5Z1S3,MU,XNGS,99.3784,0.20148,562360700.0,26.62,27.14,26.34,26.9,17234256.0,1.0,1.0
20150521,BBG000BKTFN2,HAL,XNYS,94.0972,0.12918,604263100.0,45.33,46.36,45.29,46.16,15714100.0,1.0902882,1.0
20150521,BBG000BLNNH6,IBM,XNYS,91.8377,0.11502,621948300.0,173.32,174.14,173.035,173.34,2293645.0,1.1586831,1.0
20150521,BBG000BR2TH3,PG,XNYS,97.9497,0.0650999999999999,589738500.0,80.17,80.58,79.84,80.41,6054704.0,1.2544229,1.0
20150521,BBG000H6HNW3,TWTR,XNYS,83.2619,0.28569,720252200.0,36.81,36.94,36.39,36.68,17424360.0,1.0,1.0
20150521,BBG000BPD168,MRK,XNYS,99.9532,0.11807,608450370.0,60.55,60.785,60.09,60.1,8033251.0,1.3516123,1.0
20150521,BBG0025Y4RY4,ABBV,XNYS,96.348,0.16225,633906050.0,65.45,65.805,64.87,65.65,10553421.0,1.090561,1.0
20150521,BBG000BNSZP1,MCD,XNYS,99.9537,0.15061,619076200.0,99.89,99.96,99.06,99.28,4729617.0,1.2601476,1.0
20150521,BBG000C17X76,BIIB,XNGS,99.8718,0.2024599999999999,633266300.0,400.24,401.65,397.97,401.15,858942.0,1.0,1.0
20150521,BBG000BT41Q8,SLB,XNYS,99.9273,0.1135299999999999,653562430.0,91.36,92.67,90.78,92.03,4659513.0,1.1113805,1.0
20150521,BBG000BWQFY7,WFC,XNYS,90.5893,0.06792,752759200.0,55.91,56.18,55.83,56.01,13439729.0,1.203513,1.0
20150521,BBG000BLBVN4,PCLN,XNGS,99.3978,0.16444,686956350.0,1206.01,1218.54,1204.0,1212.63,323294.0,1.0,1.0
20150521,BBG000C3J3C9,CSCO,XNGS,99.8557,0.10575,686968960.0,29.61,29.765,29.43,29.43,20774326.0,1.1117289,1.0
20150521,BBG000HS77T5,VZ,XNYS,99.6159,0.08862,690333440.0,49.68,50.1,49.67,49.9,15667536.0,1.576814,1.0
20150521,BBG000K4ND22,CVX,XNYS,99.9564,0.0988299999999999,711081200.0,105.97,106.27,105.3,105.49,6548972.0,1.291077,1.0
20150521,BBG000CGC1X8,QCOM,XNGS,99.4715,0.1351599999999999,724979300.0,69.63,70.95,69.03,70.09,27528968.0,1.1348841,1.0
20150521,BBG000N9MNX3,TSLA,XNGS,77.1283,0.23276,962579000.0,243.03,246.62,242.357,245.62,1966567.0,1.0,1.0
20150521,BBG000FY4S11,C,XNYS,96.1541,0.08198,797048000.0,54.69,55.1,54.61,54.84,11799594.0,0.10631303,10.0
20150521,BBG002W96FT9,GOOG,XNGS,85.1739,0.12458,915666940.0,537.95,543.84,535.98,542.51,1461431.0,1.002746,0.9972615
20150521,BBG000BMHYD1,JNJ,XNYS,99.9653,0.08433,780833900.0,102.91,103.3007,102.34,102.42,6875323.0,1.2708184,1.0
20150521,BBG000BSJK37,T,XNYS,99.9057,0.10457,798864640.0,34.55,35.22,34.52,35.07,41569640.0,1.5356025,1.0
20150521,BBG000BR2B91,PFE,XNYS,97.8932,0.09587,830525400.0,34.23,34.49,34.21,34.36,18109518.0,1.3785367,1.0
20150521,BBG000BVPV84,AMZN,XNGS,81.8646,0.16085,994468350.0,428.0,436.9,428.0,431.63,4115003.0,1.0,1.0
20150521,BBG000FH8PX5,ACT,XNYS,99.7183,0.115,821486850.0,298.16,301.77,296.16,301.22,2214822.0,1.0,1.0
20150521,BBG000BFT2L4,CMCSA,XNGS,99.8084,0.09353,871129100.0,57.56,58.2,57.44,57.54,18899624.0,1.1395441,1.0
20150521,BBG000C0G1D1,INTC,XNGS,99.9066,0.13935,870761300.0,33.21,33.56,33.07,33.55,21255472.0,1.2768527,1.0
20150521,BBG000BK6MB5,GE,XNYS,99.8399,0.10189,880674750.0,27.68,27.79,27.55,27.72,40220910.0,1.3149203,1.0
20150521,BBG000CL9VN6,NFLX,XNGS,96.5235,0.24144,937674700.0,623.57,627.0,617.27,623.02,1823286.0,1.0,1.0
20150521,BBG000DMBXR2,JPM,XNYS,99.411,0.0744,911023600.0,66.14,66.68,66.01,66.65,12914485.0,1.1811712,1.0
20150521,BBG000BHSKN9,GOOGL,XNGS,99.6982,0.12657,968629900.0,550.2,557.61,549.301,556.81,1707151.0,1.9980619,1.0
20150521,BBG000CKGBP2,GILD,XNGS,97.9684,0.15339,1003095700.0,109.9,111.47,109.81,111.22,8273064.0,2.0,0.5
20150521,BBG000GZQ728,XOM,XNYS,99.7552,0.09391,1053886400.0,87.28,87.44,86.96,87.21,8357039.0,1.2071285,1.0
20150521,BBG000BCTLF6,BAC,XNYS,99.9367,0.0970299999999999,1142433700.0,16.71,16.75,16.56,16.73,51896570.0,1.1153457,1.0
20150521,BBG000BPH459,MSFT,XNGS,91.9354,0.1527,1430759300.0,47.28,47.6,47.005,47.42,22399096.0,1.2051233,1.0
20150521,BBG000MM2P62,FB,XNGS,95.8339,0.1372,1801865200.0,80.19,80.92,80.08,80.48,13375582.0,1.0,1.0
20150521,BBG000B9XRY4,AAPL,XNGS,99.9441,0.1193099999999999,5911841000.0,130.07,131.63,129.83,131.39,39587076.0,7.4521,0.14285715
